,Patient_no,Patient_ID,labels
0,H10,UID_H10_187_4_hem.png,0
1,H10,UID_H10_100_1_hem.png,0
2,H22,UID_H22_36_5_hem.png,0
3,H22,UID_H22_31_10_hem.png,0
4,H10,UID_H10_117_2_hem.png,0
5,H10,UID_H10_118_1_hem.png,0
6,H22,UID_H22_5_18_hem.png,0
7,H22,UID_H22_28_6_hem.png,0
8,H14,UID_H14_34_2_hem.png,0
9,H14,UID_H14_10_3_hem.png,0
10,30,UID_30_21_5_all.png,1
12,34,UID_34_29_1_all.png,1
13,23,UID_23_38_4_all.png,1
14,16,UID_16_11_1_all.png,1
15,51,UID_51_7_2_all.png,1
16,34,UID_34_13_3_all.png,1
18,32,UID_32_16_2_all.png,1
19,34,UID_34_21_20_all.png,1
20,H11,UID_H11_4_1_hem.png,0
21,H24,UID_H24_25_11_hem.png,0
22,H19,UID_H19_26_1_hem.png,0
23,H24,UID_H24_23_8_hem.png,0
27,H11,UID_H11_10_1_hem.png,0
28,H24,UID_H24_32_6_hem.png,0
29,H11,UID_H11_7_1_hem.png,0
30,52,UID_52_27_4_all.png,1
31,14,UID_14_26_2_all.png,1
32,28,UID_28_34_5_all.png,1
33,50,UID_50_10_3_all.png,1
34,52,UID_52_2_5_all.png,1
35,45,UID_45_30_1_all.png,1
37,45,UID_45_24_11_all.png,1
38,48,UID_48_17_4_all.png,1
39,45,UID_45_20_6_all.png,1
40,H13,UID_H13_25_2_hem.png,0
41,H23,UID_H23_32_1_hem.png,0
42,H13,UID_H13_10_1_hem.png,0
43,H40,UID_H40_24_14_hem.png,0
44,H23,UID_H23_9_1_hem.png,0
45,H23,UID_H23_16_8_hem.png,0
46,H20,UID_H20_37_1_hem.png,0
47,H48,UID_H48_6_7_hem.png,0
48,H4,UID_H4_7_1_hem.png,0
49,H40,UID_H40_8_6_hem.png,0
50,68,UID_68_13_2_all.png,1
51,67,UID_67_34_1_all.png,1
52,78,UID_78_23_1_all.png,1
53,18,UID_18_32_1_all.png,1
55,67,UID_67_20_10_all.png,1
56,67,UID_67_19_7_all.png,1
58,13,UID_13_10_1_all.png,1
59,74,UID_74_1_2_all.png,1
0,57,UID_57_29_1_all.png,1
1,57,UID_57_22_2_all.png,1
2,57,UID_57_31_3_all.png,1
3,H49,UID_H49_35_1_hem.png,0
4,58,UID_58_6_13_all.png,1
5,57,UID_57_8_11_all.png,1
6,H49,UID_H49_29_2_hem.png,0
7,H30,UID_H30_6_2_hem.png,0
8,58,UID_58_2_1_all.png,1
9,54,UID_54_35_3_all.png,1
10,57,UID_57_21_5_all.png,1
11,65,UID_65_3_1_all.png,1
12,H34,UID_H34_17_1_hem.png,0
13,H39,UID_H39_18_2_hem.png,0
14,66,UID_66_29_1_all.png,1
15,57,UID_57_8_9_all.png,1
16,66,UID_66_32_1_all.png,1
17,54,UID_54_20_2_all.png,1
18,57,UID_57_1_1_all.png,1
19,54,UID_54_34_6_all.png,1
20,H49,UID_H49_2_3_hem.png,0
21,61,UID_61_8_1_all.png,1
22,54,UID_54_8_2_all.png,1
23,H30,UID_H30_5_1_hem.png,0
24,53,UID_53_35_2_all.png,1
25,H50,UID_H50_27_2_hem.png,0
26,H49,UID_H49_26_6_hem.png,0
27,H50,UID_H50_6_2_hem.png,0
28,66,UID_66_5_6_all.png,1
29,H31,UID_H31_7_1_hem.png,0
30,H28,UID_H28_7_1_hem.png,0
31,57,UID_57_30_4_all.png,1
32,65,UID_65_20_1_all.png,1
33,53,UID_53_5_4_all.png,1
34,H30,UID_H30_5_2_hem.png,0
35,53,UID_53_9_2_all.png,1
36,64,UID_64_1_6_all.png,1
37,H31,UID_H31_17_2_hem.png,0
38,58,UID_58_5_10_all.png,1
39,57,UID_57_29_4_all.png,1
40,H36,UID_H36_17_1_hem.png,0
41,55,UID_55_7_1_all.png,1
42,H35,UID_H35_37_1_hem.png,0
43,53,UID_53_29_1_all.png,1
44,53,UID_53_18_7_all.png,1
45,57,UID_57_12_7_all.png,1
46,64,UID_64_7_6_all.png,1
47,57,UID_57_36_4_all.png,1
48,66,UID_66_5_2_all.png,1
49,H29,UID_H29_12_1_hem.png,0
50,57,UID_57_32_4_all.png,1
51,54,UID_54_31_1_all.png,1
52,57,UID_57_25_6_all.png,1
53,H34,UID_H34_11_1_hem.png,0
54,H32,UID_H32_15_1_hem.png,0
55,54,UID_54_1_3_all.png,1
56,H34,UID_H34_29_2_hem.png,0
57,57,UID_57_9_5_all.png,1
58,55,UID_55_12_2_all.png,1
59,H32,UID_H32_29_1_hem.png,0
60,H36,UID_H36_15_3_hem.png,0
61,53,UID_53_8_1_all.png,1
62,H39,UID_H39_9_2_hem.png,0
63,54,UID_54_4_2_all.png,1
64,54,UID_54_14_3_all.png,1
65,H35,UID_H35_32_1_hem.png,0
66,H49,UID_H49_12_7_hem.png,0
67,53,UID_53_31_2_all.png,1
68,H39,UID_H39_12_4_hem.png,0
69,63,UID_63_1_1_all.png,1
70,H27,UID_H27_1_3_hem.png,0
71,H39,UID_H39_2_4_hem.png,0
72,65,UID_65_14_7_all.png,1
73,61,UID_61_7_1_all.png,1
74,H32,UID_H32_27_1_hem.png,0
75,64,UID_64_5_3_all.png,1
76,H31,UID_H31_25_1_hem.png,0
77,54,UID_54_7_1_all.png,1
78,58,UID_58_8_1_all.png,1
79,53,UID_53_35_5_all.png,1
80,H31,UID_H31_27_2_hem.png,0
81,H35,UID_H35_25_1_hem.png,0
82,66,UID_66_6_1_all.png,1
83,H49,UID_H49_22_5_hem.png,0
84,57,UID_57_25_5_all.png,1
85,53,UID_53_2_1_all.png,1
86,H39,UID_H39_9_4_hem.png,0
87,58,UID_58_8_8_all.png,1
88,57,UID_57_9_12_all.png,1
89,H49,UID_H49_21_1_hem.png,0
90,57,UID_57_32_10_all.png,1
91,H39,UID_H39_26_1_hem.png,0
92,66,UID_66_2_4_all.png,1
93,H30,UID_H30_16_2_hem.png,0
94,65,UID_65_27_1_all.png,1
95,65,UID_65_34_7_all.png,1
96,53,UID_53_13_3_all.png,1
97,57,UID_57_31_2_all.png,1
98,63,UID_63_6_1_all.png,1
99,53,UID_53_4_4_all.png,1
100,57,UID_57_11_5_all.png,1
101,64,UID_64_1_1_all.png,1
102,57,UID_57_30_6_all.png,1
103,H49,UID_H49_16_1_hem.png,0
104,H35,UID_H35_8_1_hem.png,0
105,H49,UID_H49_22_1_hem.png,0
106,64,UID_64_1_4_all.png,1
107,53,UID_53_5_7_all.png,1
108,66,UID_66_19_4_all.png,1
109,63,UID_63_24_1_all.png,1
110,H49,UID_H49_21_4_hem.png,0
111,65,UID_65_12_3_all.png,1
112,66,UID_66_10_1_all.png,1
113,53,UID_53_17_3_all.png,1
114,H50,UID_H50_27_1_hem.png,0
115,63,UID_63_2_2_all.png,1
116,H29,UID_H29_1_6_hem.png,0
117,H49,UID_H49_8_3_hem.png,0
118,53,UID_53_5_1_all.png,1
119,58,UID_58_3_4_all.png,1
120,H49,UID_H49_12_9_hem.png,0
121,57,UID_57_14_4_all.png,1
122,H49,UID_H49_22_4_hem.png,0
123,66,UID_66_13_4_all.png,1
124,54,UID_54_3_4_all.png,1
125,66,UID_66_37_4_all.png,1
126,H36,UID_H36_25_1_hem.png,0
127,58,UID_58_5_9_all.png,1
128,63,UID_63_10_3_all.png,1
129,59,UID_59_1_1_all.png,1
130,53,UID_53_11_2_all.png,1
131,66,UID_66_19_5_all.png,1
132,54,UID_54_12_4_all.png,1
133,53,UID_53_32_2_all.png,1
134,54,UID_54_25_3_all.png,1
135,58,UID_58_6_3_all.png,1
136,65,UID_65_21_2_all.png,1
137,H31,UID_H31_8_2_hem.png,0
138,H49,UID_H49_29_4_hem.png,0
139,H39,UID_H39_19_1_hem.png,0
140,66,UID_66_11_2_all.png,1
141,H33,UID_H33_7_1_hem.png,0
142,57,UID_57_28_5_all.png,1
143,H31,UID_H31_24_6_hem.png,0
144,54,UID_54_28_4_all.png,1
145,54,UID_54_29_1_all.png,1
146,57,UID_57_5_5_all.png,1
147,65,UID_65_16_4_all.png,1
148,57,UID_57_3_7_all.png,1
149,66,UID_66_20_1_all.png,1
150,H30,UID_H30_11_2_hem.png,0
151,54,UID_54_3_3_all.png,1
152,58,UID_58_6_5_all.png,1
153,H27,UID_H27_2_1_hem.png,0
154,55,UID_55_33_1_all.png,1
155,H32,UID_H32_35_3_hem.png,0
156,59,UID_59_5_1_all.png,1
157,H29,UID_H29_1_8_hem.png,0
158,54,UID_54_31_4_all.png,1
159,H26,UID_H26_12_1_hem.png,0
160,53,UID_53_31_5_all.png,1
161,53,UID_53_3_1_all.png,1
162,64,UID_64_8_5_all.png,1
163,H49,UID_H49_11_4_hem.png,0
164,63,UID_63_7_1_all.png,1
165,57,UID_57_33_11_all.png,1
166,57,UID_57_14_1_all.png,1
167,H32,UID_H32_6_2_hem.png,0
168,64,UID_64_5_4_all.png,1
169,53,UID_53_29_6_all.png,1
170,H26,UID_H26_6_3_hem.png,0
171,H36,UID_H36_28_2_hem.png,0
172,H31,UID_H31_13_3_hem.png,0
173,H31,UID_H31_3_1_hem.png,0
174,57,UID_57_24_1_all.png,1
175,57,UID_57_27_1_all.png,1
176,57,UID_57_5_7_all.png,1
177,66,UID_66_12_6_all.png,1
178,53,UID_53_31_8_all.png,1
179,66,UID_66_36_1_all.png,1
180,H31,UID_H31_6_1_hem.png,0
181,53,UID_53_4_9_all.png,1
182,H36,UID_H36_5_2_hem.png,0
183,53,UID_53_26_7_all.png,1
184,54,UID_54_11_2_all.png,1
185,58,UID_58_6_11_all.png,1
186,H50,UID_H50_29_3_hem.png,0
187,H49,UID_H49_25_1_hem.png,0
188,65,UID_65_30_1_all.png,1
189,66,UID_66_31_3_all.png,1
190,54,UID_54_28_1_all.png,1
191,H36,UID_H36_6_1_hem.png,0
192,H32,UID_H32_30_1_hem.png,0
193,62,UID_62_4_1_all.png,1
194,57,UID_57_8_2_all.png,1
195,54,UID_54_12_2_all.png,1
196,H49,UID_H49_15_2_hem.png,0
197,H31,UID_H31_17_1_hem.png,0
198,57,UID_57_30_8_all.png,1
199,57,UID_57_11_1_all.png,1
200,H49,UID_H49_21_6_hem.png,0
201,66,UID_66_6_4_all.png,1
202,64,UID_64_1_11_all.png,1
203,63,UID_63_16_1_all.png,1
204,H50,UID_H50_29_2_hem.png,0
205,H34,UID_H34_5_1_hem.png,0
206,57,UID_57_4_3_all.png,1
207,53,UID_53_27_2_all.png,1
208,53,UID_53_12_2_all.png,1
209,53,UID_53_11_3_all.png,1
210,H49,UID_H49_14_4_hem.png,0
211,H25,UID_H25_8_2_hem.png,0
212,H49,UID_H49_3_2_hem.png,0
213,H35,UID_H35_20_1_hem.png,0
214,58,UID_58_4_5_all.png,1
215,66,UID_66_20_3_all.png,1
216,55,UID_55_5_1_all.png,1
217,H36,UID_H36_3_2_hem.png,0
218,53,UID_53_23_6_all.png,1
219,H50,UID_H50_31_1_hem.png,0
220,62,UID_62_8_2_all.png,1
221,H31,UID_H31_1_2_hem.png,0
222,58,UID_58_2_4_all.png,1
223,65,UID_65_12_5_all.png,1
224,H31,UID_H31_22_1_hem.png,0
225,66,UID_66_34_1_all.png,1
226,H28,UID_H28_5_1_hem.png,0
227,54,UID_54_36_2_all.png,1
228,H39,UID_H39_22_1_hem.png,0
229,66,UID_66_7_1_all.png,1
230,64,UID_64_1_5_all.png,1
231,66,UID_66_30_1_all.png,1
232,H32,UID_H32_16_1_hem.png,0
233,59,UID_59_4_1_all.png,1
234,H49,UID_H49_19_1_hem.png,0
235,H35,UID_H35_35_1_hem.png,0
236,65,UID_65_19_2_all.png,1
237,66,UID_66_2_1_all.png,1
238,64,UID_64_9_4_all.png,1
239,H39,UID_H39_2_2_hem.png,0
240,65,UID_65_36_7_all.png,1
241,H39,UID_H39_15_1_hem.png,0
242,58,UID_58_1_4_all.png,1
243,H39,UID_H39_24_1_hem.png,0
244,53,UID_53_36_2_all.png,1
245,54,UID_54_24_1_all.png,1
246,H49,UID_H49_13_3_hem.png,0
247,55,UID_55_32_1_all.png,1
248,66,UID_66_22_5_all.png,1
249,63,UID_63_7_3_all.png,1
250,H29,UID_H29_1_2_hem.png,0
251,58,UID_58_4_4_all.png,1
252,H35,UID_H35_34_2_hem.png,0
253,66,UID_66_11_3_all.png,1
254,58,UID_58_5_3_all.png,1
255,H50,UID_H50_8_2_hem.png,0
256,H50,UID_H50_25_1_hem.png,0
257,H28,UID_H28_24_1_hem.png,0
258,H34,UID_H34_9_1_hem.png,0
259,H26,UID_H26_11_1_hem.png,0
260,60,UID_60_7_1_all.png,1
261,57,UID_57_3_11_all.png,1
262,H49,UID_H49_4_1_hem.png,0
263,H33,UID_H33_4_2_hem.png,0
264,H49,UID_H49_3_3_hem.png,0
265,H49,UID_H49_9_1_hem.png,0
266,53,UID_53_28_4_all.png,1
267,53,UID_53_6_6_all.png,1
268,54,UID_54_21_1_all.png,1
269,H49,UID_H49_37_2_hem.png,0
270,63,UID_63_11_4_all.png,1
271,53,UID_53_13_5_all.png,1
272,57,UID_57_16_1_all.png,1
273,57,UID_57_32_16_all.png,1
274,H29,UID_H29_9_1_hem.png,0
275,65,UID_65_11_1_all.png,1
276,57,UID_57_19_1_all.png,1
277,53,UID_53_15_2_all.png,1
278,53,UID_53_37_8_all.png,1
279,H29,UID_H29_5_2_hem.png,0
280,57,UID_57_12_1_all.png,1
281,57,UID_57_22_4_all.png,1
282,55,UID_55_3_2_all.png,1
283,57,UID_57_32_11_all.png,1
284,H49,UID_H49_14_1_hem.png,0
285,53,UID_53_29_4_all.png,1
286,57,UID_57_18_4_all.png,1
287,57,UID_57_2_6_all.png,1
288,H34,UID_H34_21_1_hem.png,0
289,57,UID_57_1_5_all.png,1
290,53,UID_53_20_3_all.png,1
291,54,UID_54_5_1_all.png,1
292,55,UID_55_1_2_all.png,1
293,53,UID_53_37_2_all.png,1
294,64,UID_64_7_8_all.png,1
295,66,UID_66_9_4_all.png,1
296,H31,UID_H31_7_4_hem.png,0
297,H35,UID_H35_29_1_hem.png,0
298,H27,UID_H27_1_1_hem.png,0
299,65,UID_65_6_3_all.png,1
300,53,UID_53_25_2_all.png,1
301,65,UID_65_25_4_all.png,1
302,65,UID_65_17_1_all.png,1
303,66,UID_66_16_7_all.png,1
304,H27,UID_H27_4_1_hem.png,0
305,H49,UID_H49_26_2_hem.png,0
306,66,UID_66_21_2_all.png,1
307,H49,UID_H49_13_7_hem.png,0
308,57,UID_57_2_5_all.png,1
309,H49,UID_H49_8_4_hem.png,0
310,65,UID_65_29_2_all.png,1
311,66,UID_66_17_3_all.png,1
312,H34,UID_H34_4_1_hem.png,0
313,61,UID_61_4_1_all.png,1
314,64,UID_64_8_2_all.png,1
315,H49,UID_H49_21_5_hem.png,0
316,54,UID_54_35_4_all.png,1
317,63,UID_63_2_1_all.png,1
318,57,UID_57_9_2_all.png,1
319,H39,UID_H39_23_2_hem.png,0
320,66,UID_66_36_7_all.png,1
321,57,UID_57_13_7_all.png,1
322,53,UID_53_19_8_all.png,1
323,H26,UID_H26_4_1_hem.png,0
324,66,UID_66_1_2_all.png,1
325,54,UID_54_19_2_all.png,1
326,58,UID_58_7_5_all.png,1
327,H49,UID_H49_27_1_hem.png,0
328,H49,UID_H49_26_1_hem.png,0
329,53,UID_53_5_5_all.png,1
330,66,UID_66_32_5_all.png,1
331,54,UID_54_1_2_all.png,1
332,66,UID_66_17_5_all.png,1
333,65,UID_65_5_2_all.png,1
334,H31,UID_H31_23_1_hem.png,0
335,64,UID_64_7_7_all.png,1
336,66,UID_66_21_3_all.png,1
337,64,UID_64_6_1_all.png,1
338,H49,UID_H49_24_3_hem.png,0
339,H25,UID_H25_13_1_hem.png,0
340,H32,UID_H32_10_1_hem.png,0
341,H32,UID_H32_7_1_hem.png,0
342,57,UID_57_9_8_all.png,1
343,58,UID_58_1_2_all.png,1
344,55,UID_55_13_1_all.png,1
345,66,UID_66_36_3_all.png,1
346,H32,UID_H32_35_1_hem.png,0
347,H49,UID_H49_10_2_hem.png,0
348,H49,UID_H49_4_2_hem.png,0
349,57,UID_57_21_1_all.png,1
350,57,UID_57_34_9_all.png,1
351,53,UID_53_28_6_all.png,1
352,66,UID_66_12_4_all.png,1
353,H36,UID_H36_5_3_hem.png,0
354,53,UID_53_37_7_all.png,1
355,53,UID_53_2_2_all.png,1
356,66,UID_66_4_3_all.png,1
357,66,UID_66_26_4_all.png,1
358,57,UID_57_31_4_all.png,1
359,53,UID_53_6_4_all.png,1
360,H31,UID_H31_32_4_hem.png,0
361,53,UID_53_18_5_all.png,1
362,H39,UID_H39_20_2_hem.png,0
363,58,UID_58_6_15_all.png,1
364,H26,UID_H26_12_2_hem.png,0
365,58,UID_58_4_7_all.png,1
366,H49,UID_H49_35_7_hem.png,0
367,53,UID_53_5_3_all.png,1
368,H49,UID_H49_32_2_hem.png,0
369,64,UID_64_9_2_all.png,1
370,54,UID_54_10_1_all.png,1
371,66,UID_66_11_1_all.png,1
372,58,UID_58_6_12_all.png,1
373,H26,UID_H26_13_1_hem.png,0
374,H49,UID_H49_20_3_hem.png,0
375,H50,UID_H50_28_1_hem.png,0
376,63,UID_63_29_1_all.png,1
377,H49,UID_H49_9_2_hem.png,0
378,57,UID_57_13_1_all.png,1
379,57,UID_57_26_3_all.png,1
380,54,UID_54_23_4_all.png,1
381,H36,UID_H36_20_1_hem.png,0
382,53,UID_53_15_3_all.png,1
383,65,UID_65_16_2_all.png,1
384,55,UID_55_15_1_all.png,1
385,63,UID_63_4_1_all.png,1
386,H36,UID_H36_5_5_hem.png,0
387,58,UID_58_2_9_all.png,1
388,63,UID_63_23_2_all.png,1
389,61,UID_61_6_1_all.png,1
390,H50,UID_H50_3_1_hem.png,0
391,H29,UID_H29_14_1_hem.png,0
392,H49,UID_H49_18_2_hem.png,0
393,57,UID_57_9_10_all.png,1
394,53,UID_53_26_2_all.png,1
395,H31,UID_H31_13_1_hem.png,0
396,55,UID_55_28_1_all.png,1
397,H49,UID_H49_10_1_hem.png,0
398,H30,UID_H30_13_1_hem.png,0
399,53,UID_53_25_4_all.png,1
400,57,UID_57_32_8_all.png,1
401,H26,UID_H26_13_3_hem.png,0
402,H49,UID_H49_16_3_hem.png,0
403,53,UID_53_34_1_all.png,1
404,H36,UID_H36_13_1_hem.png,0
405,53,UID_53_21_5_all.png,1
406,57,UID_57_25_1_all.png,1
407,H49,UID_H49_12_8_hem.png,0
408,63,UID_63_19_3_all.png,1
409,53,UID_53_18_1_all.png,1
410,H49,UID_H49_23_2_hem.png,0
411,66,UID_66_25_2_all.png,1
412,57,UID_57_3_4_all.png,1
413,H36,UID_H36_6_3_hem.png,0
414,H31,UID_H31_9_1_hem.png,0
415,H39,UID_H39_7_4_hem.png,0
416,66,UID_66_16_6_all.png,1
417,57,UID_57_29_6_all.png,1
418,57,UID_57_36_6_all.png,1
419,H28,UID_H28_6_1_hem.png,0
420,H35,UID_H35_13_1_hem.png,0
421,64,UID_64_4_2_all.png,1
422,H29,UID_H29_1_3_hem.png,0
423,57,UID_57_5_8_all.png,1
424,H32,UID_H32_6_3_hem.png,0
425,57,UID_57_13_5_all.png,1
426,63,UID_63_5_1_all.png,1
427,H49,UID_H49_22_2_hem.png,0
428,57,UID_57_4_4_all.png,1
429,H32,UID_H32_22_1_hem.png,0
430,H29,UID_H29_13_1_hem.png,0
431,H49,UID_H49_17_1_hem.png,0
432,53,UID_53_17_2_all.png,1
433,H34,UID_H34_3_1_hem.png,0
434,H31,UID_H31_13_2_hem.png,0
435,54,UID_54_6_3_all.png,1
436,53,UID_53_16_4_all.png,1
437,65,UID_65_18_2_all.png,1
438,66,UID_66_36_5_all.png,1
439,66,UID_66_13_5_all.png,1
440,H32,UID_H32_37_1_hem.png,0
441,H39,UID_H39_22_2_hem.png,0
442,64,UID_64_4_3_all.png,1
443,66,UID_66_34_7_all.png,1
444,66,UID_66_32_4_all.png,1
445,H31,UID_H31_14_1_hem.png,0
446,63,UID_63_19_2_all.png,1
447,66,UID_66_10_2_all.png,1
448,65,UID_65_36_9_all.png,1
449,54,UID_54_30_1_all.png,1
450,60,UID_60_7_2_all.png,1
451,H39,UID_H39_11_6_hem.png,0
452,54,UID_54_18_2_all.png,1
453,H33,UID_H33_4_1_hem.png,0
454,H36,UID_H36_25_2_hem.png,0
455,H39,UID_H39_12_2_hem.png,0
456,66,UID_66_26_2_all.png,1
457,64,UID_64_5_6_all.png,1
458,65,UID_65_24_4_all.png,1
459,H30,UID_H30_1_1_hem.png,0
460,H30,UID_H30_3_1_hem.png,0
461,H39,UID_H39_1_5_hem.png,0
462,54,UID_54_33_3_all.png,1
463,H32,UID_H32_17_2_hem.png,0
464,H36,UID_H36_20_2_hem.png,0
465,H31,UID_H31_37_1_hem.png,0
466,57,UID_57_27_8_all.png,1
467,54,UID_54_9_1_all.png,1
468,H26,UID_H26_2_1_hem.png,0
469,66,UID_66_33_1_all.png,1
470,H39,UID_H39_13_2_hem.png,0
471,H29,UID_H29_1_4_hem.png,0
472,63,UID_63_11_6_all.png,1
473,H39,UID_H39_25_2_hem.png,0
474,H49,UID_H49_13_5_hem.png,0
475,H50,UID_H50_10_1_hem.png,0
476,65,UID_65_2_1_all.png,1
477,H39,UID_H39_1_7_hem.png,0
478,57,UID_57_4_1_all.png,1
479,55,UID_55_22_1_all.png,1
480,H26,UID_H26_13_2_hem.png,0
481,57,UID_57_31_6_all.png,1
482,53,UID_53_31_4_all.png,1
483,H36,UID_H36_3_4_hem.png,0
484,63,UID_63_16_2_all.png,1
485,60,UID_60_8_2_all.png,1
486,57,UID_57_29_2_all.png,1
487,53,UID_53_13_8_all.png,1
488,66,UID_66_15_1_all.png,1
489,57,UID_57_32_13_all.png,1
490,66,UID_66_34_6_all.png,1
491,53,UID_53_23_2_all.png,1
492,66,UID_66_9_2_all.png,1
493,54,UID_54_32_3_all.png,1
494,66,UID_66_34_8_all.png,1
495,57,UID_57_32_15_all.png,1
496,57,UID_57_32_3_all.png,1
497,57,UID_57_1_13_all.png,1
498,H26,UID_H26_14_1_hem.png,0
499,H36,UID_H36_24_1_hem.png,0
500,66,UID_66_9_3_all.png,1
501,57,UID_57_36_2_all.png,1
502,57,UID_57_30_3_all.png,1
503,66,UID_66_7_3_all.png,1
504,57,UID_57_8_8_all.png,1
505,53,UID_53_26_3_all.png,1
506,66,UID_66_23_6_all.png,1
507,57,UID_57_29_5_all.png,1
508,57,UID_57_28_2_all.png,1
509,H50,UID_H50_33_1_hem.png,0
510,55,UID_55_11_1_all.png,1
511,H50,UID_H50_30_1_hem.png,0
512,66,UID_66_24_1_all.png,1
513,H32,UID_H32_6_1_hem.png,0
514,H49,UID_H49_35_4_hem.png,0
515,H36,UID_H36_3_1_hem.png,0
516,57,UID_57_32_12_all.png,1
517,53,UID_53_21_4_all.png,1
518,H28,UID_H28_4_1_hem.png,0
519,63,UID_63_2_3_all.png,1
520,57,UID_57_15_2_all.png,1
521,H25,UID_H25_1_1_hem.png,0
522,53,UID_53_19_5_all.png,1
523,H39,UID_H39_2_1_hem.png,0
524,58,UID_58_5_5_all.png,1
525,66,UID_66_12_2_all.png,1
526,H49,UID_H49_22_6_hem.png,0
527,53,UID_53_17_7_all.png,1
528,H34,UID_H34_15_1_hem.png,0
529,H35,UID_H35_3_1_hem.png,0
530,H29,UID_H29_15_2_hem.png,0
531,55,UID_55_21_1_all.png,1
532,53,UID_53_12_3_all.png,1
533,H26,UID_H26_7_2_hem.png,0
534,54,UID_54_26_2_all.png,1
535,H25,UID_H25_16_1_hem.png,0
536,54,UID_54_26_3_all.png,1
537,53,UID_53_34_3_all.png,1
538,H49,UID_H49_18_1_hem.png,0
539,H39,UID_H39_17_1_hem.png,0
540,64,UID_64_3_3_all.png,1
541,65,UID_65_24_3_all.png,1
542,H49,UID_H49_7_7_hem.png,0
543,53,UID_53_14_2_all.png,1
544,H30,UID_H30_5_3_hem.png,0
545,65,UID_65_29_1_all.png,1
546,57,UID_57_8_6_all.png,1
547,H30,UID_H30_11_1_hem.png,0
548,57,UID_57_13_3_all.png,1
549,55,UID_55_19_1_all.png,1
550,66,UID_66_32_3_all.png,1
551,65,UID_65_6_2_all.png,1
552,65,UID_65_24_6_all.png,1
553,53,UID_53_21_2_all.png,1
554,53,UID_53_29_3_all.png,1
555,66,UID_66_8_3_all.png,1
556,61,UID_61_7_2_all.png,1
557,58,UID_58_5_12_all.png,1
558,H39,UID_H39_19_2_hem.png,0
559,53,UID_53_31_3_all.png,1
560,53,UID_53_35_6_all.png,1
561,66,UID_66_34_4_all.png,1
562,57,UID_57_34_1_all.png,1
563,57,UID_57_2_2_all.png,1
564,57,UID_57_14_3_all.png,1
565,H30,UID_H30_12_2_hem.png,0
566,H27,UID_H27_3_1_hem.png,0
567,57,UID_57_27_3_all.png,1
568,H39,UID_H39_16_2_hem.png,0
569,53,UID_53_3_2_all.png,1
570,54,UID_54_34_3_all.png,1
571,H31,UID_H31_32_2_hem.png,0
572,66,UID_66_29_5_all.png,1
573,58,UID_58_4_9_all.png,1
574,54,UID_54_5_3_all.png,1
575,66,UID_66_26_1_all.png,1
576,57,UID_57_24_8_all.png,1
577,54,UID_54_13_2_all.png,1
578,58,UID_58_5_13_all.png,1
579,57,UID_57_18_1_all.png,1
580,57,UID_57_28_6_all.png,1
581,H49,UID_H49_11_7_hem.png,0
582,65,UID_65_14_1_all.png,1
583,65,UID_65_34_2_all.png,1
584,H39,UID_H39_7_3_hem.png,0
585,H34,UID_H34_19_1_hem.png,0
586,H49,UID_H49_12_1_hem.png,0
587,65,UID_65_25_3_all.png,1
588,57,UID_57_34_6_all.png,1
589,66,UID_66_5_1_all.png,1
590,H49,UID_H49_29_3_hem.png,0
591,H31,UID_H31_16_2_hem.png,0
592,H49,UID_H49_13_4_hem.png,0
593,66,UID_66_5_3_all.png,1
594,54,UID_54_28_6_all.png,1
595,65,UID_65_12_2_all.png,1
596,65,UID_65_17_2_all.png,1
597,H39,UID_H39_10_3_hem.png,0
598,H39,UID_H39_16_3_hem.png,0
599,57,UID_57_34_5_all.png,1
600,65,UID_65_14_6_all.png,1
601,H26,UID_H26_6_1_hem.png,0
602,54,UID_54_19_3_all.png,1
603,58,UID_58_3_6_all.png,1
604,57,UID_57_12_5_all.png,1
605,57,UID_57_20_1_all.png,1
606,53,UID_53_26_8_all.png,1
607,H49,UID_H49_24_2_hem.png,0
608,H26,UID_H26_8_1_hem.png,0
609,65,UID_65_24_2_all.png,1
610,65,UID_65_12_7_all.png,1
611,57,UID_57_26_1_all.png,1
612,H32,UID_H32_10_2_hem.png,0
613,H49,UID_H49_37_1_hem.png,0
614,H39,UID_H39_8_1_hem.png,0
615,58,UID_58_6_10_all.png,1
616,H39,UID_H39_6_3_hem.png,0
617,53,UID_53_28_1_all.png,1
618,57,UID_57_34_8_all.png,1
619,53,UID_53_1_3_all.png,1
620,H49,UID_H49_11_1_hem.png,0
621,54,UID_54_29_2_all.png,1
622,57,UID_57_15_1_all.png,1
623,57,UID_57_31_8_all.png,1
624,55,UID_55_29_1_all.png,1
625,64,UID_64_10_1_all.png,1
626,H35,UID_H35_19_1_hem.png,0
627,55,UID_55_14_2_all.png,1
628,64,UID_64_2_1_all.png,1
629,57,UID_57_18_2_all.png,1
630,53,UID_53_29_7_all.png,1
631,58,UID_58_6_9_all.png,1
632,65,UID_65_3_6_all.png,1
633,63,UID_63_13_2_all.png,1
634,63,UID_63_18_2_all.png,1
635,53,UID_53_20_1_all.png,1
636,53,UID_53_25_1_all.png,1
637,H30,UID_H30_8_1_hem.png,0
638,58,UID_58_5_14_all.png,1
639,63,UID_63_28_1_all.png,1
640,H32,UID_H32_33_4_hem.png,0
641,H49,UID_H49_34_3_hem.png,0
642,H25,UID_H25_21_1_hem.png,0
643,58,UID_58_8_2_all.png,1
644,H49,UID_H49_21_3_hem.png,0
645,63,UID_63_23_3_all.png,1
646,57,UID_57_28_7_all.png,1
647,H49,UID_H49_11_3_hem.png,0
648,65,UID_65_33_3_all.png,1
649,H31,UID_H31_19_1_hem.png,0
650,64,UID_64_6_2_all.png,1
651,63,UID_63_9_3_all.png,1
652,57,UID_57_3_1_all.png,1
653,H36,UID_H36_10_1_hem.png,0
654,H31,UID_H31_1_4_hem.png,0
655,66,UID_66_30_2_all.png,1
656,H31,UID_H31_18_1_hem.png,0
657,66,UID_66_22_4_all.png,1
658,H50,UID_H50_8_1_hem.png,0
659,55,UID_55_10_2_all.png,1
660,H39,UID_H39_14_1_hem.png,0
661,57,UID_57_37_1_all.png,1
662,63,UID_63_25_1_all.png,1
663,53,UID_53_27_4_all.png,1
664,64,UID_64_1_16_all.png,1
665,H49,UID_H49_17_2_hem.png,0
666,55,UID_55_1_1_all.png,1
667,57,UID_57_27_2_all.png,1
668,53,UID_53_16_2_all.png,1
669,66,UID_66_34_3_all.png,1
670,59,UID_59_3_2_all.png,1
671,63,UID_63_24_2_all.png,1
672,53,UID_53_15_1_all.png,1
673,54,UID_54_4_4_all.png,1
674,57,UID_57_11_3_all.png,1
675,57,UID_57_1_2_all.png,1
676,57,UID_57_5_3_all.png,1
677,58,UID_58_7_2_all.png,1
678,H49,UID_H49_30_1_hem.png,0
679,66,UID_66_4_2_all.png,1
680,53,UID_53_36_1_all.png,1
681,H29,UID_H29_15_3_hem.png,0
682,58,UID_58_6_16_all.png,1
683,H49,UID_H49_32_5_hem.png,0
684,66,UID_66_25_4_all.png,1
685,64,UID_64_5_7_all.png,1
686,H36,UID_H36_1_1_hem.png,0
687,57,UID_57_9_9_all.png,1
688,58,UID_58_8_12_all.png,1
689,64,UID_64_9_5_all.png,1
690,57,UID_57_34_4_all.png,1
691,60,UID_60_7_3_all.png,1
692,H28,UID_H28_2_1_hem.png,0
693,65,UID_65_12_4_all.png,1
694,58,UID_58_2_11_all.png,1
695,65,UID_65_31_1_all.png,1
696,65,UID_65_36_6_all.png,1
697,H32,UID_H32_19_1_hem.png,0
698,H39,UID_H39_26_2_hem.png,0
699,H49,UID_H49_1_1_hem.png,0
700,57,UID_57_5_1_all.png,1
701,57,UID_57_8_4_all.png,1
702,64,UID_64_11_1_all.png,1
703,66,UID_66_12_1_all.png,1
704,H31,UID_H31_24_2_hem.png,0
705,H49,UID_H49_34_1_hem.png,0
706,H32,UID_H32_33_2_hem.png,0
707,62,UID_62_1_1_all.png,1
708,65,UID_65_22_5_all.png,1
709,57,UID_57_23_3_all.png,1
710,53,UID_53_24_2_all.png,1
711,58,UID_58_3_3_all.png,1
712,H50,UID_H50_6_1_hem.png,0
713,53,UID_53_12_1_all.png,1
714,57,UID_57_23_5_all.png,1
715,53,UID_53_32_6_all.png,1
716,66,UID_66_13_1_all.png,1
717,57,UID_57_25_7_all.png,1
718,57,UID_57_26_5_all.png,1
719,H49,UID_H49_6_1_hem.png,0
720,H49,UID_H49_13_1_hem.png,0
721,57,UID_57_16_3_all.png,1
722,H49,UID_H49_11_6_hem.png,0
723,H36,UID_H36_27_1_hem.png,0
724,53,UID_53_10_4_all.png,1
725,57,UID_57_34_2_all.png,1
726,H36,UID_H36_6_2_hem.png,0
727,H31,UID_H31_9_2_hem.png,0
728,53,UID_53_19_4_all.png,1
729,57,UID_57_4_6_all.png,1
730,H49,UID_H49_15_3_hem.png,0
731,53,UID_53_4_6_all.png,1
732,H31,UID_H31_7_2_hem.png,0
733,57,UID_57_21_7_all.png,1
734,H25,UID_H25_9_1_hem.png,0
735,H49,UID_H49_31_3_hem.png,0
736,64,UID_64_12_2_all.png,1
737,53,UID_53_24_1_all.png,1
738,65,UID_65_35_1_all.png,1
739,65,UID_65_12_8_all.png,1
740,H30,UID_H30_17_2_hem.png,0
741,H28,UID_H28_4_2_hem.png,0
742,H27,UID_H27_5_5_hem.png,0
743,53,UID_53_37_1_all.png,1
744,H49,UID_H49_14_2_hem.png,0
745,63,UID_63_17_1_all.png,1
746,H49,UID_H49_13_6_hem.png,0
747,H29,UID_H29_9_3_hem.png,0
748,H35,UID_H35_32_2_hem.png,0
749,H49,UID_H49_20_7_hem.png,0
750,H27,UID_H27_7_2_hem.png,0
751,66,UID_66_7_4_all.png,1
752,66,UID_66_2_5_all.png,1
753,57,UID_57_33_3_all.png,1
754,53,UID_53_26_5_all.png,1
755,H31,UID_H31_24_1_hem.png,0
756,H49,UID_H49_11_9_hem.png,0
757,59,UID_59_3_1_all.png,1
758,57,UID_57_5_2_all.png,1
759,63,UID_63_26_1_all.png,1
760,57,UID_57_2_4_all.png,1
761,66,UID_66_16_8_all.png,1
762,57,UID_57_11_4_all.png,1
763,53,UID_53_21_3_all.png,1
764,H36,UID_H36_16_1_hem.png,0
765,55,UID_55_1_3_all.png,1
766,58,UID_58_1_6_all.png,1
767,64,UID_64_7_2_all.png,1
768,55,UID_55_37_1_all.png,1
769,55,UID_55_20_1_all.png,1
770,65,UID_65_6_1_all.png,1
771,H49,UID_H49_2_1_hem.png,0
772,65,UID_65_24_1_all.png,1
773,57,UID_57_27_7_all.png,1
774,H31,UID_H31_22_2_hem.png,0
775,55,UID_55_24_2_all.png,1
776,66,UID_66_22_2_all.png,1
777,53,UID_53_25_5_all.png,1
778,57,UID_57_27_6_all.png,1
779,64,UID_64_12_1_all.png,1
780,H32,UID_H32_35_4_hem.png,0
781,H31,UID_H31_27_1_hem.png,0
782,63,UID_63_9_2_all.png,1
783,59,UID_59_2_1_all.png,1
784,63,UID_63_4_3_all.png,1
785,H35,UID_H35_11_1_hem.png,0
786,H49,UID_H49_35_3_hem.png,0
787,53,UID_53_23_5_all.png,1
788,H30,UID_H30_16_1_hem.png,0
789,57,UID_57_10_2_all.png,1
790,H25,UID_H25_23_2_hem.png,0
791,57,UID_57_3_2_all.png,1
792,57,UID_57_36_3_all.png,1
793,62,UID_62_3_2_all.png,1
794,53,UID_53_37_6_all.png,1
795,H35,UID_H35_37_2_hem.png,0
796,H39,UID_H39_11_5_hem.png,0
797,65,UID_65_32_2_all.png,1
798,60,UID_60_5_2_all.png,1
799,65,UID_65_2_7_all.png,1
800,57,UID_57_22_3_all.png,1
801,63,UID_63_14_1_all.png,1
802,65,UID_65_8_1_all.png,1
803,H27,UID_H27_7_1_hem.png,0
804,66,UID_66_2_6_all.png,1
805,53,UID_53_14_1_all.png,1
806,59,UID_59_6_2_all.png,1
807,57,UID_57_28_3_all.png,1
808,57,UID_57_8_10_all.png,1
809,54,UID_54_8_1_all.png,1
810,59,UID_59_8_1_all.png,1
811,53,UID_53_4_5_all.png,1
812,54,UID_54_24_3_all.png,1
813,H31,UID_H31_36_1_hem.png,0
814,64,UID_64_4_4_all.png,1
815,57,UID_57_13_8_all.png,1
816,57,UID_57_26_2_all.png,1
817,H39,UID_H39_1_1_hem.png,0
818,58,UID_58_7_10_all.png,1
819,54,UID_54_21_2_all.png,1
820,66,UID_66_22_1_all.png,1
821,65,UID_65_23_1_all.png,1
822,58,UID_58_4_2_all.png,1
823,53,UID_53_32_5_all.png,1
824,54,UID_54_12_3_all.png,1
825,H39,UID_H39_5_2_hem.png,0
826,57,UID_57_20_3_all.png,1
827,H35,UID_H35_6_1_hem.png,0
828,64,UID_64_1_9_all.png,1
829,60,UID_60_3_2_all.png,1
830,H50,UID_H50_29_1_hem.png,0
831,H34,UID_H34_29_1_hem.png,0
832,57,UID_57_28_1_all.png,1
833,66,UID_66_36_2_all.png,1
834,53,UID_53_18_2_all.png,1
835,H31,UID_H31_31_1_hem.png,0
836,H49,UID_H49_19_5_hem.png,0
837,65,UID_65_20_3_all.png,1
838,61,UID_61_5_1_all.png,1
839,H36,UID_H36_22_1_hem.png,0
840,63,UID_63_17_3_all.png,1
841,H49,UID_H49_28_1_hem.png,0
842,64,UID_64_7_5_all.png,1
843,57,UID_57_1_7_all.png,1
844,57,UID_57_17_4_all.png,1
845,66,UID_66_31_2_all.png,1
846,H32,UID_H32_9_1_hem.png,0
847,53,UID_53_34_2_all.png,1
848,57,UID_57_2_1_all.png,1
849,64,UID_64_7_4_all.png,1
850,58,UID_58_7_6_all.png,1
851,65,UID_65_27_2_all.png,1
852,58,UID_58_8_3_all.png,1
853,H29,UID_H29_15_4_hem.png,0
854,53,UID_53_28_8_all.png,1
855,57,UID_57_23_2_all.png,1
856,53,UID_53_16_1_all.png,1
857,53,UID_53_7_9_all.png,1
858,53,UID_53_17_5_all.png,1
859,57,UID_57_26_6_all.png,1
860,66,UID_66_31_1_all.png,1
861,53,UID_53_10_3_all.png,1
862,65,UID_65_27_3_all.png,1
863,H36,UID_H36_16_4_hem.png,0
864,66,UID_66_3_2_all.png,1
865,H49,UID_H49_36_1_hem.png,0
866,H35,UID_H35_7_1_hem.png,0
867,54,UID_54_9_2_all.png,1
868,64,UID_64_7_3_all.png,1
869,53,UID_53_9_1_all.png,1
870,65,UID_65_36_5_all.png,1
871,H49,UID_H49_13_2_hem.png,0
872,57,UID_57_33_6_all.png,1
873,57,UID_57_21_3_all.png,1
874,60,UID_60_1_1_all.png,1
875,66,UID_66_16_2_all.png,1
876,H49,UID_H49_1_2_hem.png,0
877,65,UID_65_34_6_all.png,1
878,66,UID_66_35_1_all.png,1
879,53,UID_53_1_1_all.png,1
880,54,UID_54_16_2_all.png,1
881,58,UID_58_7_9_all.png,1
882,53,UID_53_23_4_all.png,1
883,H31,UID_H31_33_3_hem.png,0
884,58,UID_58_3_2_all.png,1
885,H30,UID_H30_1_3_hem.png,0
886,58,UID_58_3_7_all.png,1
887,53,UID_53_14_3_all.png,1
888,66,UID_66_17_1_all.png,1
889,53,UID_53_18_3_all.png,1
890,H36,UID_H36_28_1_hem.png,0
891,H31,UID_H31_12_1_hem.png,0
892,H39,UID_H39_17_3_hem.png,0
893,H49,UID_H49_26_4_hem.png,0
894,H31,UID_H31_2_1_hem.png,0
895,H27,UID_H27_5_1_hem.png,0
896,57,UID_57_12_2_all.png,1
897,H31,UID_H31_15_1_hem.png,0
898,66,UID_66_19_2_all.png,1
899,55,UID_55_33_2_all.png,1
900,57,UID_57_22_6_all.png,1
901,53,UID_53_29_2_all.png,1
902,H34,UID_H34_24_1_hem.png,0
903,54,UID_54_34_5_all.png,1
904,64,UID_64_11_3_all.png,1
905,63,UID_63_15_2_all.png,1
906,53,UID_53_19_6_all.png,1
907,63,UID_63_13_6_all.png,1
908,65,UID_65_33_1_all.png,1
909,63,UID_63_19_1_all.png,1
910,63,UID_63_19_4_all.png,1
911,54,UID_54_21_3_all.png,1
912,58,UID_58_2_10_all.png,1
913,H32,UID_H32_30_2_hem.png,0
914,58,UID_58_3_5_all.png,1
915,57,UID_57_32_14_all.png,1
916,H31,UID_H31_28_1_hem.png,0
917,66,UID_66_32_2_all.png,1
918,H49,UID_H49_15_7_hem.png,0
919,57,UID_57_7_1_all.png,1
920,H49,UID_H49_29_1_hem.png,0
921,66,UID_66_14_2_all.png,1
922,66,UID_66_4_1_all.png,1
923,H25,UID_H25_17_1_hem.png,0
924,54,UID_54_10_2_all.png,1
925,54,UID_54_11_1_all.png,1
926,H30,UID_H30_4_2_hem.png,0
927,65,UID_65_31_2_all.png,1
928,58,UID_58_5_15_all.png,1
929,H49,UID_H49_32_3_hem.png,0
930,H49,UID_H49_32_1_hem.png,0
931,H39,UID_H39_3_1_hem.png,0
932,H31,UID_H31_13_5_hem.png,0
933,H35,UID_H35_23_1_hem.png,0
934,54,UID_54_1_1_all.png,1
935,55,UID_55_36_1_all.png,1
936,66,UID_66_23_3_all.png,1
937,57,UID_57_3_3_all.png,1
938,53,UID_53_35_4_all.png,1
939,57,UID_57_1_11_all.png,1
940,57,UID_57_32_7_all.png,1
941,62,UID_62_2_3_all.png,1
942,57,UID_57_25_2_all.png,1
943,55,UID_55_10_1_all.png,1
944,64,UID_64_5_9_all.png,1
945,H36,UID_H36_11_1_hem.png,0
946,54,UID_54_32_1_all.png,1
947,57,UID_57_33_10_all.png,1
948,H26,UID_H26_10_1_hem.png,0
949,H49,UID_H49_3_4_hem.png,0
950,H49,UID_H49_6_4_hem.png,0
951,57,UID_57_9_1_all.png,1
952,54,UID_54_8_3_all.png,1
953,66,UID_66_5_4_all.png,1
954,65,UID_65_14_2_all.png,1
955,66,UID_66_16_3_all.png,1
956,53,UID_53_27_3_all.png,1
957,60,UID_60_6_2_all.png,1
958,H32,UID_H32_5_1_hem.png,0
959,55,UID_55_21_2_all.png,1
960,53,UID_53_22_4_all.png,1
961,65,UID_65_12_1_all.png,1
962,H29,UID_H29_1_5_hem.png,0
963,63,UID_63_3_2_all.png,1
964,H29,UID_H29_11_2_hem.png,0
965,H31,UID_H31_36_2_hem.png,0
966,66,UID_66_36_4_all.png,1
967,H39,UID_H39_25_1_hem.png,0
968,57,UID_57_28_4_all.png,1
969,H50,UID_H50_32_2_hem.png,0
970,66,UID_66_27_1_all.png,1
971,H39,UID_H39_10_2_hem.png,0
972,54,UID_54_4_3_all.png,1
973,H25,UID_H25_22_1_hem.png,0
974,66,UID_66_23_4_all.png,1
975,53,UID_53_13_4_all.png,1
976,57,UID_57_20_4_all.png,1
977,54,UID_54_34_4_all.png,1
978,57,UID_57_34_12_all.png,1
979,H25,UID_H25_18_1_hem.png,0
980,H36,UID_H36_21_2_hem.png,0
981,58,UID_58_8_5_all.png,1
982,H49,UID_H49_12_3_hem.png,0
983,65,UID_65_3_2_all.png,1
984,64,UID_64_4_6_all.png,1
985,57,UID_57_14_6_all.png,1
986,H39,UID_H39_14_3_hem.png,0
987,H31,UID_H31_7_5_hem.png,0
988,66,UID_66_36_6_all.png,1
989,54,UID_54_23_1_all.png,1
990,57,UID_57_14_5_all.png,1
991,H30,UID_H30_16_3_hem.png,0
992,66,UID_66_34_5_all.png,1
993,H49,UID_H49_6_2_hem.png,0
994,63,UID_63_13_1_all.png,1
995,H32,UID_H32_1_1_hem.png,0
996,H31,UID_H31_26_1_hem.png,0
997,64,UID_64_9_3_all.png,1
998,65,UID_65_2_9_all.png,1
999,58,UID_58_8_9_all.png,1
1000,65,UID_65_35_2_all.png,1
1001,H49,UID_H49_5_2_hem.png,0
1002,53,UID_53_27_1_all.png,1
1003,53,UID_53_6_1_all.png,1
1004,57,UID_57_6_4_all.png,1
1005,54,UID_54_18_1_all.png,1
1006,H49,UID_H49_11_8_hem.png,0
1007,57,UID_57_22_1_all.png,1
1008,63,UID_63_11_2_all.png,1
1009,53,UID_53_2_4_all.png,1
1010,H39,UID_H39_3_2_hem.png,0
1011,58,UID_58_2_8_all.png,1
1012,H49,UID_H49_7_6_hem.png,0
1013,H49,UID_H49_35_8_hem.png,0
1014,H39,UID_H39_20_3_hem.png,0
1015,53,UID_53_32_1_all.png,1
1016,H39,UID_H39_9_3_hem.png,0
1017,64,UID_64_9_1_all.png,1
1018,65,UID_65_2_8_all.png,1
1019,H39,UID_H39_13_1_hem.png,0
1020,53,UID_53_28_2_all.png,1
1021,58,UID_58_2_3_all.png,1
1022,55,UID_55_12_1_all.png,1
1023,H50,UID_H50_22_2_hem.png,0
1024,H31,UID_H31_24_4_hem.png,0
1025,65,UID_65_14_3_all.png,1
1026,63,UID_63_27_1_all.png,1
1027,53,UID_53_4_3_all.png,1
1028,66,UID_66_14_1_all.png,1
1029,54,UID_54_19_1_all.png,1
1030,65,UID_65_5_1_all.png,1
1031,65,UID_65_22_3_all.png,1
1032,66,UID_66_9_1_all.png,1
1033,H49,UID_H49_20_2_hem.png,0
1034,H50,UID_H50_17_1_hem.png,0
1035,58,UID_58_4_3_all.png,1
1036,66,UID_66_26_6_all.png,1
1037,63,UID_63_6_3_all.png,1
1038,55,UID_55_18_2_all.png,1
1039,65,UID_65_22_4_all.png,1
1040,54,UID_54_6_1_all.png,1
1041,58,UID_58_4_1_all.png,1
1042,H27,UID_H27_5_2_hem.png,0
1043,60,UID_60_8_3_all.png,1
1044,66,UID_66_37_5_all.png,1
1045,57,UID_57_24_6_all.png,1
1046,54,UID_54_32_2_all.png,1
1047,H32,UID_H32_8_1_hem.png,0
1048,58,UID_58_4_8_all.png,1
1049,H39,UID_H39_1_2_hem.png,0
1050,65,UID_65_17_3_all.png,1
1051,H49,UID_H49_28_2_hem.png,0
1052,66,UID_66_4_4_all.png,1
1053,66,UID_66_2_7_all.png,1
1054,64,UID_64_11_4_all.png,1
1055,H49,UID_H49_5_3_hem.png,0
1056,H49,UID_H49_7_2_hem.png,0
1057,54,UID_54_12_1_all.png,1
1058,57,UID_57_35_1_all.png,1
1059,53,UID_53_4_7_all.png,1
1060,53,UID_53_22_3_all.png,1
1061,H29,UID_H29_12_3_hem.png,0
1062,H27,UID_H27_5_3_hem.png,0
1063,H49,UID_H49_21_7_hem.png,0
1064,62,UID_62_3_1_all.png,1
1065,66,UID_66_16_1_all.png,1
1066,H32,UID_H32_32_1_hem.png,0
1067,65,UID_65_13_3_all.png,1
1068,65,UID_65_2_4_all.png,1
1069,H49,UID_H49_23_3_hem.png,0
1070,54,UID_54_7_3_all.png,1
1071,H36,UID_H36_9_1_hem.png,0
1072,57,UID_57_23_1_all.png,1
1073,H31,UID_H31_34_1_hem.png,0
1074,65,UID_65_23_2_all.png,1
1075,58,UID_58_3_8_all.png,1
1076,H31,UID_H31_8_1_hem.png,0
1077,66,UID_66_19_6_all.png,1
1078,63,UID_63_1_2_all.png,1
1079,H49,UID_H49_4_3_hem.png,0
1080,64,UID_64_7_9_all.png,1
1081,64,UID_64_5_8_all.png,1
1082,65,UID_65_16_5_all.png,1
1083,57,UID_57_27_5_all.png,1
1084,58,UID_58_7_4_all.png,1
1085,H49,UID_H49_11_5_hem.png,0
1086,66,UID_66_30_3_all.png,1
1087,65,UID_65_12_10_all.png,1
1088,58,UID_58_6_19_all.png,1
1089,53,UID_53_13_2_all.png,1
1090,65,UID_65_17_4_all.png,1
1091,57,UID_57_24_7_all.png,1
1092,H31,UID_H31_21_4_hem.png,0
1093,H30,UID_H30_6_1_hem.png,0
1094,58,UID_58_1_7_all.png,1
1095,H39,UID_H39_11_4_hem.png,0
1096,54,UID_54_33_4_all.png,1
1097,64,UID_64_1_14_all.png,1
1098,66,UID_66_23_5_all.png,1
1099,58,UID_58_4_10_all.png,1
1100,H49,UID_H49_35_6_hem.png,0
1101,64,UID_64_10_2_all.png,1
1102,57,UID_57_34_10_all.png,1
1103,H49,UID_H49_15_1_hem.png,0
1104,53,UID_53_4_8_all.png,1
1105,66,UID_66_15_2_all.png,1
1106,57,UID_57_25_3_all.png,1
1107,65,UID_65_34_1_all.png,1
1108,H32,UID_H32_37_2_hem.png,0
1109,66,UID_66_22_3_all.png,1
1110,H29,UID_H29_1_11_hem.png,0
1111,64,UID_64_8_7_all.png,1
1112,60,UID_60_1_2_all.png,1
1113,H39,UID_H39_14_2_hem.png,0
1114,H39,UID_H39_21_1_hem.png,0
1115,63,UID_63_8_2_all.png,1
1116,H31,UID_H31_24_3_hem.png,0
1117,H49,UID_H49_19_4_hem.png,0
1118,H34,UID_H34_16_1_hem.png,0
1119,63,UID_63_10_1_all.png,1
1120,58,UID_58_1_3_all.png,1
1121,64,UID_64_1_12_all.png,1
1122,H31,UID_H31_9_3_hem.png,0
1123,54,UID_54_31_2_all.png,1
1124,H39,UID_H39_22_3_hem.png,0
1125,H35,UID_H35_16_1_hem.png,0
1126,63,UID_63_21_1_all.png,1
1127,H29,UID_H29_6_1_hem.png,0
1128,H31,UID_H31_33_2_hem.png,0
1129,57,UID_57_33_7_all.png,1
1130,62,UID_62_2_2_all.png,1
1131,53,UID_53_7_3_all.png,1
1132,66,UID_66_12_5_all.png,1
1133,64,UID_64_1_2_all.png,1
1134,53,UID_53_13_1_all.png,1
1135,H49,UID_H49_33_3_hem.png,0
1136,H49,UID_H49_7_4_hem.png,0
1137,57,UID_57_13_9_all.png,1
1138,H32,UID_H32_23_1_hem.png,0
1139,54,UID_54_7_4_all.png,1
1140,53,UID_53_19_1_all.png,1
1141,63,UID_63_22_1_all.png,1
1142,65,UID_65_24_7_all.png,1
1143,63,UID_63_11_5_all.png,1
1144,54,UID_54_37_1_all.png,1
1145,57,UID_57_31_1_all.png,1
1146,58,UID_58_4_6_all.png,1
1147,H39,UID_H39_3_3_hem.png,0
1148,H49,UID_H49_24_1_hem.png,0
1149,64,UID_64_5_1_all.png,1
1150,63,UID_63_10_4_all.png,1
1151,53,UID_53_23_1_all.png,1
1152,53,UID_53_23_3_all.png,1
1153,65,UID_65_18_1_all.png,1
1154,H31,UID_H31_35_1_hem.png,0
1155,54,UID_54_10_3_all.png,1
1156,57,UID_57_31_5_all.png,1
1157,57,UID_57_33_9_all.png,1
1158,H29,UID_H29_10_3_hem.png,0
1159,53,UID_53_19_3_all.png,1
1160,53,UID_53_30_1_all.png,1
1161,54,UID_54_2_2_all.png,1
1162,H49,UID_H49_9_3_hem.png,0
1163,57,UID_57_12_6_all.png,1
1164,H50,UID_H50_4_1_hem.png,0
1165,66,UID_66_5_5_all.png,1
1166,65,UID_65_13_1_all.png,1
1167,H49,UID_H49_12_5_hem.png,0
1168,H30,UID_H30_14_2_hem.png,0
1169,H39,UID_H39_24_3_hem.png,0
1170,58,UID_58_6_7_all.png,1
1171,H36,UID_H36_13_2_hem.png,0
1172,63,UID_63_1_3_all.png,1
1173,H39,UID_H39_16_1_hem.png,0
1174,H25,UID_H25_23_1_hem.png,0
1175,63,UID_63_18_1_all.png,1
1176,57,UID_57_1_14_all.png,1
1177,54,UID_54_27_1_all.png,1
1178,55,UID_55_21_3_all.png,1
1179,65,UID_65_34_4_all.png,1
1180,57,UID_57_36_1_all.png,1
1181,57,UID_57_21_4_all.png,1
1182,H31,UID_H31_16_1_hem.png,0
1183,66,UID_66_6_2_all.png,1
1184,65,UID_65_9_1_all.png,1
1185,65,UID_65_30_3_all.png,1
1186,H49,UID_H49_21_2_hem.png,0
1187,54,UID_54_25_2_all.png,1
1188,57,UID_57_23_4_all.png,1
1189,H35,UID_H35_30_1_hem.png,0
1190,H29,UID_H29_1_9_hem.png,0
1191,53,UID_53_7_8_all.png,1
1192,55,UID_55_8_2_all.png,1
1193,57,UID_57_25_9_all.png,1
1194,H29,UID_H29_13_2_hem.png,0
1195,63,UID_63_3_1_all.png,1
1196,H39,UID_H39_6_1_hem.png,0
1197,54,UID_54_6_2_all.png,1
1198,53,UID_53_35_1_all.png,1
1199,55,UID_55_26_1_all.png,1
1200,59,UID_59_1_2_all.png,1
1201,65,UID_65_3_5_all.png,1
1202,53,UID_53_5_2_all.png,1
1203,57,UID_57_5_11_all.png,1
1204,57,UID_57_3_8_all.png,1
1205,H39,UID_H39_4_1_hem.png,0
1206,H34,UID_H34_18_1_hem.png,0
1207,57,UID_57_32_1_all.png,1
1208,53,UID_53_19_2_all.png,1
1209,65,UID_65_2_2_all.png,1
1210,H26,UID_H26_7_3_hem.png,0
1211,64,UID_64_5_2_all.png,1
1212,57,UID_57_24_5_all.png,1
1213,H31,UID_H31_1_3_hem.png,0
1214,58,UID_58_2_6_all.png,1
1215,58,UID_58_6_17_all.png,1
1216,57,UID_57_7_2_all.png,1
1217,H49,UID_H49_20_4_hem.png,0
1218,53,UID_53_25_8_all.png,1
1219,H25,UID_H25_8_1_hem.png,0
1220,57,UID_57_36_5_all.png,1
1221,H35,UID_H35_22_1_hem.png,0
1222,58,UID_58_1_9_all.png,1
1223,53,UID_53_25_3_all.png,1
1224,57,UID_57_33_1_all.png,1
1225,57,UID_57_1_10_all.png,1
1226,H29,UID_H29_10_2_hem.png,0
1227,H39,UID_H39_1_6_hem.png,0
1228,66,UID_66_21_1_all.png,1
1229,H39,UID_H39_7_2_hem.png,0
1230,H49,UID_H49_16_4_hem.png,0
1231,H39,UID_H39_20_1_hem.png,0
1232,H36,UID_H36_28_3_hem.png,0
1233,53,UID_53_32_8_all.png,1
1234,65,UID_65_6_4_all.png,1
1235,64,UID_64_8_1_all.png,1
1236,65,UID_65_26_2_all.png,1
1237,58,UID_58_6_4_all.png,1
1238,53,UID_53_6_2_all.png,1
1239,65,UID_65_34_3_all.png,1
1240,53,UID_53_13_6_all.png,1
1241,53,UID_53_4_2_all.png,1
1242,55,UID_55_35_1_all.png,1
1243,66,UID_66_21_4_all.png,1
1244,65,UID_65_7_1_all.png,1
1245,54,UID_54_25_1_all.png,1
1246,H25,UID_H25_16_2_hem.png,0
1247,57,UID_57_24_4_all.png,1
1248,H25,UID_H25_6_1_hem.png,0
1249,57,UID_57_3_6_all.png,1
1250,H32,UID_H32_37_3_hem.png,0
1251,H31,UID_H31_5_1_hem.png,0
1252,58,UID_58_1_5_all.png,1
1253,63,UID_63_14_2_all.png,1
1254,54,UID_54_30_4_all.png,1
1255,54,UID_54_36_1_all.png,1
1256,H39,UID_H39_11_2_hem.png,0
1257,54,UID_54_22_2_all.png,1
1258,H31,UID_H31_32_1_hem.png,0
1259,63,UID_63_11_3_all.png,1
1260,63,UID_63_22_2_all.png,1
1261,H39,UID_H39_24_2_hem.png,0
1262,H36,UID_H36_23_1_hem.png,0
1263,57,UID_57_34_11_all.png,1
1264,H36,UID_H36_21_1_hem.png,0
1265,H49,UID_H49_11_10_hem.png,0
1266,H49,UID_H49_3_1_hem.png,0
1267,64,UID_64_6_3_all.png,1
1268,H30,UID_H30_17_1_hem.png,0
1269,53,UID_53_13_7_all.png,1
1270,H39,UID_H39_9_1_hem.png,0
1271,H29,UID_H29_14_2_hem.png,0
1272,H29,UID_H29_11_1_hem.png,0
1273,57,UID_57_22_7_all.png,1
1274,H29,UID_H29_10_4_hem.png,0
1275,53,UID_53_26_4_all.png,1
1276,53,UID_53_20_2_all.png,1
1277,H30,UID_H30_12_1_hem.png,0
1278,58,UID_58_6_1_all.png,1
1279,66,UID_66_24_2_all.png,1
1280,54,UID_54_28_3_all.png,1
1281,58,UID_58_3_1_all.png,1
1282,64,UID_64_4_5_all.png,1
1283,66,UID_66_17_2_all.png,1
1284,H31,UID_H31_1_5_hem.png,0
1285,H34,UID_H34_26_1_hem.png,0
1286,64,UID_64_3_2_all.png,1
1287,58,UID_58_5_8_all.png,1
1288,57,UID_57_33_2_all.png,1
1289,66,UID_66_33_4_all.png,1
1290,58,UID_58_8_6_all.png,1
1291,53,UID_53_4_1_all.png,1
1292,H30,UID_H30_2_3_hem.png,0
1293,53,UID_53_6_5_all.png,1
1294,H35,UID_H35_27_1_hem.png,0
1295,H49,UID_H49_35_5_hem.png,0
1296,57,UID_57_1_12_all.png,1
1297,66,UID_66_16_5_all.png,1
1298,54,UID_54_22_3_all.png,1
1299,66,UID_66_3_1_all.png,1
1300,58,UID_58_7_8_all.png,1
1301,H39,UID_H39_6_2_hem.png,0
1302,H29,UID_H29_10_1_hem.png,0
1303,53,UID_53_24_5_all.png,1
1304,H49,UID_H49_2_2_hem.png,0
1305,H49,UID_H49_20_5_hem.png,0
1306,H49,UID_H49_33_2_hem.png,0
1307,53,UID_53_1_2_all.png,1
1308,57,UID_57_22_5_all.png,1
1309,65,UID_65_2_6_all.png,1
1310,57,UID_57_6_2_all.png,1
1311,66,UID_66_35_3_all.png,1
1312,H27,UID_H27_1_2_hem.png,0
1313,65,UID_65_22_6_all.png,1
1314,55,UID_55_17_1_all.png,1
1315,65,UID_65_14_4_all.png,1
1316,66,UID_66_23_2_all.png,1
1317,57,UID_57_6_3_all.png,1
1318,65,UID_65_36_4_all.png,1
1319,63,UID_63_14_3_all.png,1
1320,53,UID_53_31_1_all.png,1
1321,66,UID_66_6_5_all.png,1
1322,58,UID_58_5_7_all.png,1
1323,H25,UID_H25_7_1_hem.png,0
1324,63,UID_63_28_3_all.png,1
1325,64,UID_64_5_5_all.png,1
1326,57,UID_57_3_5_all.png,1
1327,57,UID_57_25_8_all.png,1
1328,H50,UID_H50_9_1_hem.png,0
1329,57,UID_57_8_5_all.png,1
1330,65,UID_65_18_3_all.png,1
1331,H49,UID_H49_19_3_hem.png,0
1332,65,UID_65_30_2_all.png,1
1333,59,UID_59_6_1_all.png,1
1334,H26,UID_H26_1_2_hem.png,0
1335,57,UID_57_33_8_all.png,1
1336,63,UID_63_8_1_all.png,1
1337,H31,UID_H31_20_1_hem.png,0
1338,57,UID_57_5_6_all.png,1
1339,57,UID_57_33_5_all.png,1
1340,53,UID_53_7_1_all.png,1
1341,66,UID_66_1_1_all.png,1
1342,58,UID_58_6_18_all.png,1
1343,53,UID_53_17_6_all.png,1
1344,66,UID_66_8_2_all.png,1
1345,H32,UID_H32_18_1_hem.png,0
1346,H30,UID_H30_2_1_hem.png,0
1347,64,UID_64_1_3_all.png,1
1348,H39,UID_H39_17_2_hem.png,0
1349,53,UID_53_18_4_all.png,1
1350,H49,UID_H49_8_1_hem.png,0
1351,H29,UID_H29_9_2_hem.png,0
1352,H32,UID_H32_19_3_hem.png,0
1353,65,UID_65_23_3_all.png,1
1354,53,UID_53_25_6_all.png,1
1355,58,UID_58_5_11_all.png,1
1356,54,UID_54_7_2_all.png,1
1357,55,UID_55_19_2_all.png,1
1358,55,UID_55_27_2_all.png,1
1359,H32,UID_H32_14_1_hem.png,0
1360,53,UID_53_37_4_all.png,1
1361,64,UID_64_1_15_all.png,1
1362,63,UID_63_12_2_all.png,1
1363,H30,UID_H30_14_3_hem.png,0
1364,H36,UID_H36_15_2_hem.png,0
1365,63,UID_63_28_2_all.png,1
1366,H50,UID_H50_28_2_hem.png,0
1367,57,UID_57_3_9_all.png,1
1368,57,UID_57_31_9_all.png,1
1369,H33,UID_H33_1_1_hem.png,0
1370,65,UID_65_3_3_all.png,1
1371,55,UID_55_8_1_all.png,1
1372,66,UID_66_13_2_all.png,1
1373,53,UID_53_10_2_all.png,1
1374,H39,UID_H39_5_1_hem.png,0
1375,H29,UID_H29_15_1_hem.png,0
1376,H26,UID_H26_8_2_hem.png,0
1377,H39,UID_H39_6_4_hem.png,0
1378,H29,UID_H29_12_2_hem.png,0
1379,57,UID_57_9_3_all.png,1
1380,H31,UID_H31_4_1_hem.png,0
1381,66,UID_66_13_3_all.png,1
1382,65,UID_65_2_5_all.png,1
1383,66,UID_66_3_3_all.png,1
1384,57,UID_57_13_6_all.png,1
1385,63,UID_63_7_2_all.png,1
1386,55,UID_55_20_2_all.png,1
1387,66,UID_66_2_2_all.png,1
1388,H49,UID_H49_22_8_hem.png,0
1389,H49,UID_H49_20_6_hem.png,0
1390,55,UID_55_34_1_all.png,1
1391,65,UID_65_18_4_all.png,1
1392,54,UID_54_10_4_all.png,1
1393,54,UID_54_16_1_all.png,1
1394,54,UID_54_34_1_all.png,1
1395,57,UID_57_12_3_all.png,1
1396,53,UID_53_4_11_all.png,1
1397,66,UID_66_17_4_all.png,1
1398,H29,UID_H29_5_1_hem.png,0
1399,55,UID_55_21_4_all.png,1
1400,H32,UID_H32_33_1_hem.png,0
1401,H32,UID_H32_31_1_hem.png,0
1402,53,UID_53_28_7_all.png,1
1403,66,UID_66_4_5_all.png,1
1404,63,UID_63_13_5_all.png,1
1405,60,UID_60_1_3_all.png,1
1406,63,UID_63_30_1_all.png,1
1407,53,UID_53_14_4_all.png,1
1408,H26,UID_H26_16_1_hem.png,0
1409,H29,UID_H29_8_1_hem.png,0
1410,H29,UID_H29_15_5_hem.png,0
1411,53,UID_53_17_1_all.png,1
1412,H30,UID_H30_14_1_hem.png,0
1413,H30,UID_H30_1_2_hem.png,0
1414,H49,UID_H49_8_5_hem.png,0
1415,H34,UID_H34_8_1_hem.png,0
1416,66,UID_66_27_2_all.png,1
1417,60,UID_60_3_1_all.png,1
1418,57,UID_57_13_2_all.png,1
1419,65,UID_65_36_2_all.png,1
1420,57,UID_57_1_9_all.png,1
1421,H50,UID_H50_17_2_hem.png,0
1422,57,UID_57_2_7_all.png,1
1423,53,UID_53_7_7_all.png,1
1424,65,UID_65_30_6_all.png,1
1425,66,UID_66_37_2_all.png,1
1426,58,UID_58_6_6_all.png,1
1427,H32,UID_H32_12_1_hem.png,0
1428,H49,UID_H49_7_3_hem.png,0
1429,64,UID_64_1_10_all.png,1
1430,H36,UID_H36_16_3_hem.png,0
1431,57,UID_57_32_17_all.png,1
1432,60,UID_60_6_3_all.png,1
1433,63,UID_63_16_3_all.png,1
1434,65,UID_65_36_8_all.png,1
1435,H49,UID_H49_26_5_hem.png,0
1436,53,UID_53_18_6_all.png,1
1437,57,UID_57_19_2_all.png,1
1438,H49,UID_H49_31_2_hem.png,0
1439,H49,UID_H49_32_4_hem.png,0
1440,H32,UID_H32_17_3_hem.png,0
1441,H49,UID_H49_22_3_hem.png,0
1442,57,UID_57_1_4_all.png,1
1443,66,UID_66_34_2_all.png,1
1444,63,UID_63_9_1_all.png,1
1445,H31,UID_H31_24_5_hem.png,0
1446,H49,UID_H49_7_1_hem.png,0
1447,66,UID_66_2_3_all.png,1
1448,H50,UID_H50_26_1_hem.png,0
1449,H31,UID_H31_7_3_hem.png,0
1450,H32,UID_H32_19_2_hem.png,0
1451,53,UID_53_29_5_all.png,1
1452,H39,UID_H39_18_1_hem.png,0
1453,57,UID_57_5_10_all.png,1
1454,H33,UID_H33_1_2_hem.png,0
1455,H39,UID_H39_12_1_hem.png,0
1456,53,UID_53_31_6_all.png,1
1457,H26,UID_H26_16_2_hem.png,0
1458,H36,UID_H36_16_2_hem.png,0
1459,H25,UID_H25_4_1_hem.png,0
1460,H31,UID_H31_25_3_hem.png,0
1461,65,UID_65_22_2_all.png,1
1462,53,UID_53_15_4_all.png,1
1463,63,UID_63_4_2_all.png,1
1464,H39,UID_H39_15_2_hem.png,0
1465,H49,UID_H49_11_2_hem.png,0
1466,66,UID_66_18_1_all.png,1
1467,H31,UID_H31_11_1_hem.png,0
1468,64,UID_64_11_2_all.png,1
1469,H39,UID_H39_8_2_hem.png,0
1470,H32,UID_H32_13_2_hem.png,0
1471,H49,UID_H49_34_4_hem.png,0
1472,H25,UID_H25_5_1_hem.png,0
1473,66,UID_66_12_3_all.png,1
1474,66,UID_66_8_1_all.png,1
1475,65,UID_65_36_3_all.png,1
1476,57,UID_57_30_2_all.png,1
1477,62,UID_62_2_1_all.png,1
1478,65,UID_65_24_5_all.png,1
1479,64,UID_64_10_3_all.png,1
1480,65,UID_65_12_9_all.png,1
1481,63,UID_63_11_1_all.png,1
1482,54,UID_54_30_3_all.png,1
1483,65,UID_65_13_2_all.png,1
1484,H36,UID_H36_4_2_hem.png,0
1485,65,UID_65_26_1_all.png,1
1486,H34,UID_H34_19_2_hem.png,0
1487,66,UID_66_9_5_all.png,1
1488,65,UID_65_25_1_all.png,1
1489,57,UID_57_8_3_all.png,1
1490,H49,UID_H49_8_2_hem.png,0
1491,53,UID_53_30_3_all.png,1
1492,54,UID_54_23_2_all.png,1
1493,57,UID_57_30_5_all.png,1
1494,57,UID_57_21_6_all.png,1
1495,57,UID_57_20_2_all.png,1
1496,54,UID_54_4_1_all.png,1
1497,65,UID_65_12_6_all.png,1
1498,54,UID_54_24_2_all.png,1
1499,58,UID_58_7_3_all.png,1
1500,54,UID_54_18_3_all.png,1
1501,53,UID_53_31_7_all.png,1
1502,57,UID_57_36_7_all.png,1
1503,59,UID_59_2_2_all.png,1
1504,H32,UID_H32_35_5_hem.png,0
1505,57,UID_57_24_3_all.png,1
1506,55,UID_55_3_1_all.png,1
1507,53,UID_53_1_4_all.png,1
1508,57,UID_57_20_6_all.png,1
1509,53,UID_53_28_3_all.png,1
1510,53,UID_53_30_4_all.png,1
1511,65,UID_65_33_2_all.png,1
1512,54,UID_54_28_2_all.png,1
1513,H31,UID_H31_30_1_hem.png,0
1514,63,UID_63_10_2_all.png,1
1515,65,UID_65_8_2_all.png,1
1516,66,UID_66_26_3_all.png,1
1517,H30,UID_H30_15_2_hem.png,0
1518,60,UID_60_8_1_all.png,1
1519,H36,UID_H36_4_1_hem.png,0
1520,57,UID_57_11_2_all.png,1
1521,53,UID_53_16_5_all.png,1
1522,57,UID_57_31_7_all.png,1
1523,53,UID_53_7_5_all.png,1
1524,H34,UID_H34_22_1_hem.png,0
1525,H50,UID_H50_23_1_hem.png,0
1526,63,UID_63_3_3_all.png,1
1527,53,UID_53_19_7_all.png,1
1528,54,UID_54_14_2_all.png,1
1529,H35,UID_H35_8_2_hem.png,0
1530,63,UID_63_13_3_all.png,1
1531,H49,UID_H49_14_3_hem.png,0
1532,H39,UID_H39_11_1_hem.png,0
1533,53,UID_53_7_6_all.png,1
1534,65,UID_65_2_10_all.png,1
1535,H50,UID_H50_22_1_hem.png,0
1536,H26,UID_H26_1_1_hem.png,0
1537,H36,UID_H36_3_3_hem.png,0
1538,57,UID_57_20_5_all.png,1
1539,H32,UID_H32_3_1_hem.png,0
1540,57,UID_57_1_6_all.png,1
1541,65,UID_65_17_5_all.png,1
1542,61,UID_61_5_2_all.png,1
1543,66,UID_66_33_3_all.png,1
1544,H31,UID_H31_36_3_hem.png,0
1545,57,UID_57_4_2_all.png,1
1546,53,UID_53_22_1_all.png,1
1547,H31,UID_H31_4_3_hem.png,0
1548,66,UID_66_29_2_all.png,1
1549,54,UID_54_20_1_all.png,1
1550,H49,UID_H49_31_1_hem.png,0
1551,66,UID_66_18_2_all.png,1
1552,H39,UID_H39_1_4_hem.png,0
1553,53,UID_53_24_4_all.png,1
1554,57,UID_57_26_4_all.png,1
1555,57,UID_57_17_3_all.png,1
1556,H26,UID_H26_6_2_hem.png,0
1557,H36,UID_H36_5_1_hem.png,0
1558,57,UID_57_14_2_all.png,1
1559,H36,UID_H36_15_1_hem.png,0
1560,54,UID_54_33_2_all.png,1
1561,53,UID_53_21_1_all.png,1
1562,53,UID_53_32_4_all.png,1
1563,57,UID_57_18_3_all.png,1
1564,H28,UID_H28_10_1_hem.png,0
1565,H32,UID_H32_35_2_hem.png,0
1566,H31,UID_H31_32_3_hem.png,0
1567,58,UID_58_7_1_all.png,1
1568,65,UID_65_1_1_all.png,1
1569,53,UID_53_22_2_all.png,1
1570,65,UID_65_35_3_all.png,1
1571,65,UID_65_11_2_all.png,1
1572,H26,UID_H26_5_1_hem.png,0
1573,54,UID_54_3_2_all.png,1
1574,58,UID_58_8_4_all.png,1
1575,63,UID_63_15_1_all.png,1
1576,H49,UID_H49_6_3_hem.png,0
1577,57,UID_57_32_9_all.png,1
1578,66,UID_66_25_1_all.png,1
1579,53,UID_53_3_4_all.png,1
1580,53,UID_53_30_2_all.png,1
1581,65,UID_65_22_1_all.png,1
1582,H29,UID_H29_11_3_hem.png,0
1583,66,UID_66_26_5_all.png,1
1584,H30,UID_H30_13_2_hem.png,0
1585,63,UID_63_6_2_all.png,1
1586,66,UID_66_24_3_all.png,1
1587,60,UID_60_6_1_all.png,1
1588,66,UID_66_29_4_all.png,1
1589,H39,UID_H39_2_3_hem.png,0
1590,H31,UID_H31_10_1_hem.png,0
1591,63,UID_63_21_2_all.png,1
1592,66,UID_66_37_3_all.png,1
1593,H39,UID_H39_10_4_hem.png,0
1594,58,UID_58_2_2_all.png,1
1595,58,UID_58_2_5_all.png,1
1596,53,UID_53_4_10_all.png,1
1597,64,UID_64_8_3_all.png,1
1598,H49,UID_H49_35_2_hem.png,0
1599,65,UID_65_14_8_all.png,1
1600,57,UID_57_4_5_all.png,1
1601,H32,UID_H32_18_2_hem.png,0
1602,H39,UID_H39_23_1_hem.png,0
1603,57,UID_57_20_7_all.png,1
1604,64,UID_64_8_6_all.png,1
1605,53,UID_53_7_2_all.png,1
1606,55,UID_55_14_1_all.png,1
1607,58,UID_58_6_14_all.png,1
1608,H35,UID_H35_33_1_hem.png,0
1609,64,UID_64_2_2_all.png,1
1610,54,UID_54_13_1_all.png,1
1611,H39,UID_H39_11_3_hem.png,0
1612,55,UID_55_27_1_all.png,1
1613,65,UID_65_28_2_all.png,1
1614,57,UID_57_1_8_all.png,1
1615,H35,UID_H35_21_1_hem.png,0
1616,54,UID_54_35_2_all.png,1
1617,63,UID_63_27_2_all.png,1
1618,H49,UID_H49_15_5_hem.png,0
1619,65,UID_65_3_4_all.png,1
1620,57,UID_57_9_7_all.png,1
1621,57,UID_57_8_1_all.png,1
1622,H32,UID_H32_34_1_hem.png,0
1623,H50,UID_H50_1_1_hem.png,0
1624,58,UID_58_7_7_all.png,1
1625,58,UID_58_3_9_all.png,1
1626,54,UID_54_2_1_all.png,1
1627,58,UID_58_6_8_all.png,1
1628,H49,UID_H49_33_1_hem.png,0
1629,H31,UID_H31_1_1_hem.png,0
1630,65,UID_65_25_2_all.png,1
1631,53,UID_53_32_7_all.png,1
1632,54,UID_54_14_1_all.png,1
1633,H30,UID_H30_2_2_hem.png,0
1634,65,UID_65_15_1_all.png,1
1635,57,UID_57_32_6_all.png,1
1636,57,UID_57_30_7_all.png,1
1637,57,UID_57_21_2_all.png,1
1638,55,UID_55_2_1_all.png,1
1639,H36,UID_H36_5_4_hem.png,0
1640,H49,UID_H49_7_5_hem.png,0
1641,66,UID_66_33_2_all.png,1
1642,H49,UID_H49_18_4_hem.png,0
1643,66,UID_66_20_2_all.png,1
1644,65,UID_65_16_3_all.png,1
1645,53,UID_53_11_1_all.png,1
1646,66,UID_66_25_3_all.png,1
1647,57,UID_57_26_7_all.png,1
1648,H34,UID_H34_25_1_hem.png,0
1649,53,UID_53_30_5_all.png,1
1650,H39,UID_H39_13_3_hem.png,0
1651,63,UID_63_17_2_all.png,1
1652,66,UID_66_11_4_all.png,1
1653,57,UID_57_24_9_all.png,1
1654,H35,UID_H35_16_2_hem.png,0
1655,H50,UID_H50_32_1_hem.png,0
1656,63,UID_63_9_4_all.png,1
1657,65,UID_65_13_4_all.png,1
1658,H32,UID_H32_8_2_hem.png,0
1659,66,UID_66_37_1_all.png,1
1660,H35,UID_H35_18_1_hem.png,0
1661,65,UID_65_21_1_all.png,1
1662,H49,UID_H49_16_2_hem.png,0
1663,H39,UID_H39_10_1_hem.png,0
1664,64,UID_64_4_1_all.png,1
1665,H49,UID_H49_15_6_hem.png,0
1666,54,UID_54_5_2_all.png,1
1667,57,UID_57_7_3_all.png,1
1668,57,UID_57_27_4_all.png,1
1669,H49,UID_H49_34_2_hem.png,0
1670,H49,UID_H49_20_1_hem.png,0
1671,66,UID_66_15_3_all.png,1
1672,H25,UID_H25_21_2_hem.png,0
1673,H30,UID_H30_7_1_hem.png,0
1674,57,UID_57_3_10_all.png,1
1675,54,UID_54_35_1_all.png,1
1676,66,UID_66_6_6_all.png,1
1677,H49,UID_H49_37_4_hem.png,0
1678,58,UID_58_1_1_all.png,1
1679,57,UID_57_17_1_all.png,1
1680,60,UID_60_5_1_all.png,1
1681,63,UID_63_20_1_all.png,1
1682,54,UID_54_3_1_all.png,1
1683,58,UID_58_8_7_all.png,1
1684,54,UID_54_34_2_all.png,1
1685,54,UID_54_23_3_all.png,1
1686,66,UID_66_35_4_all.png,1
1687,57,UID_57_8_7_all.png,1
1688,54,UID_54_31_3_all.png,1
1689,H31,UID_H31_21_1_hem.png,0
1690,58,UID_58_5_2_all.png,1
1691,63,UID_63_5_2_all.png,1
1692,66,UID_66_23_1_all.png,1
1693,H35,UID_H35_10_1_hem.png,0
1694,57,UID_57_16_2_all.png,1
1695,H36,UID_H36_22_2_hem.png,0
1696,53,UID_53_24_3_all.png,1
1697,57,UID_57_32_2_all.png,1
1698,H49,UID_H49_37_3_hem.png,0
1699,H32,UID_H32_29_2_hem.png,0
1700,57,UID_57_5_9_all.png,1
1701,53,UID_53_26_6_all.png,1
1702,55,UID_55_2_3_all.png,1
1703,57,UID_57_32_5_all.png,1
1704,63,UID_63_12_1_all.png,1
1705,53,UID_53_35_3_all.png,1
1706,H32,UID_H32_11_1_hem.png,0
1707,66,UID_66_16_4_all.png,1
1708,66,UID_66_18_3_all.png,1
1709,57,UID_57_10_1_all.png,1
1710,H39,UID_H39_14_4_hem.png,0
1711,H31,UID_H31_21_3_hem.png,0
1712,53,UID_53_17_4_all.png,1
1713,57,UID_57_13_4_all.png,1
1714,53,UID_53_2_3_all.png,1
1715,H31,UID_H31_13_4_hem.png,0
1716,65,UID_65_30_4_all.png,1
1717,H30,UID_H30_5_5_hem.png,0
1718,62,UID_62_8_1_all.png,1
1719,H49,UID_H49_36_2_hem.png,0
1720,65,UID_65_32_1_all.png,1
1721,57,UID_57_17_2_all.png,1
1722,H32,UID_H32_17_1_hem.png,0
1723,H34,UID_H34_12_1_hem.png,0
1724,H32,UID_H32_23_2_hem.png,0
1725,H32,UID_H32_13_1_hem.png,0
1726,64,UID_64_1_7_all.png,1
1727,57,UID_57_34_3_all.png,1
1728,H39,UID_H39_7_1_hem.png,0
1729,H31,UID_H31_3_2_hem.png,0
1730,H32,UID_H32_36_1_hem.png,0
1731,H35,UID_H35_24_1_hem.png,0
1732,57,UID_57_34_7_all.png,1
1733,58,UID_58_6_2_all.png,1
1734,53,UID_53_5_6_all.png,1
1735,54,UID_54_26_1_all.png,1
1736,64,UID_64_1_8_all.png,1
1737,H28,UID_H28_9_1_hem.png,0
1738,H29,UID_H29_4_1_hem.png,0
1739,57,UID_57_9_6_all.png,1
1740,H26,UID_H26_7_1_hem.png,0
1741,57,UID_57_33_4_all.png,1
1742,65,UID_65_21_4_all.png,1
1743,57,UID_57_2_3_all.png,1
1744,H35,UID_H35_34_1_hem.png,0
1745,H31,UID_H31_33_1_hem.png,0
1746,H39,UID_H39_1_3_hem.png,0
1747,57,UID_57_12_4_all.png,1
1748,H30,UID_H30_4_1_hem.png,0
1749,53,UID_53_26_1_all.png,1
1750,65,UID_65_16_1_all.png,1
1751,53,UID_53_37_5_all.png,1
1752,H30,UID_H30_15_1_hem.png,0
1753,H32,UID_H32_33_3_hem.png,0
1754,65,UID_65_2_3_all.png,1
1755,H31,UID_H31_25_2_hem.png,0
1756,53,UID_53_32_3_all.png,1
1757,H49,UID_H49_5_1_hem.png,0
1758,H49,UID_H49_12_4_hem.png,0
1759,H49,UID_H49_2_4_hem.png,0
1760,H31,UID_H31_24_7_hem.png,0
1761,53,UID_53_3_3_all.png,1
1762,H39,UID_H39_19_3_hem.png,0
1763,57,UID_57_32_18_all.png,1
1764,60,UID_60_4_1_all.png,1
1765,H49,UID_H49_15_4_hem.png,0
1766,63,UID_63_23_1_all.png,1
1767,55,UID_55_2_2_all.png,1
1768,64,UID_64_7_1_all.png,1
1769,H39,UID_H39_12_3_hem.png,0
1770,54,UID_54_28_5_all.png,1
1771,60,UID_60_8_4_all.png,1
1772,H26,UID_H26_15_1_hem.png,0
1773,H30,UID_H30_2_4_hem.png,0
1774,53,UID_53_37_3_all.png,1
1775,54,UID_54_15_1_all.png,1
1776,H35,UID_H35_26_1_hem.png,0
1777,64,UID_64_3_1_all.png,1
1778,H36,UID_H36_21_3_hem.png,0
1779,65,UID_65_36_1_all.png,1
1780,H31,UID_H31_21_2_hem.png,0
1781,58,UID_58_5_1_all.png,1
1782,H39,UID_H39_3_4_hem.png,0
1783,63,UID_63_13_4_all.png,1
1784,57,UID_57_24_2_all.png,1
1785,H31,UID_H31_5_2_hem.png,0
1786,H29,UID_H29_1_1_hem.png,0
1787,54,UID_54_1_4_all.png,1
1788,65,UID_65_34_5_all.png,1
1789,53,UID_53_28_5_all.png,1
1790,53,UID_53_20_4_all.png,1
1791,H36,UID_H36_19_1_hem.png,0
1792,57,UID_57_1_3_all.png,1
1793,H36,UID_H36_28_4_hem.png,0
1794,H36,UID_H36_19_2_hem.png,0
1795,58,UID_58_1_8_all.png,1
1796,65,UID_65_20_2_all.png,1
1797,H32,UID_H32_4_1_hem.png,0
1798,65,UID_65_14_5_all.png,1
1799,53,UID_53_25_7_all.png,1
1800,66,UID_66_28_1_all.png,1
1801,H49,UID_H49_22_7_hem.png,0
1802,H39,UID_H39_25_3_hem.png,0
1803,66,UID_66_6_3_all.png,1
1804,65,UID_65_30_5_all.png,1
1805,H39,UID_H39_18_3_hem.png,0
1806,H49,UID_H49_26_3_hem.png,0
1807,H32,UID_H32_38_1_hem.png,0
1808,57,UID_57_9_11_all.png,1
1809,65,UID_65_19_1_all.png,1
1810,66,UID_66_29_3_all.png,1
1811,53,UID_53_6_3_all.png,1
1812,66,UID_66_19_1_all.png,1
1813,H29,UID_H29_1_7_hem.png,0
1814,H25,UID_H25_2_1_hem.png,0
1815,58,UID_58_8_10_all.png,1
1816,64,UID_64_8_4_all.png,1
1817,66,UID_66_19_3_all.png,1
1818,H50,UID_H50_30_2_hem.png,0
1819,H36,UID_H36_7_1_hem.png,0
1820,63,UID_63_12_4_all.png,1
1821,57,UID_57_30_1_all.png,1
1822,H49,UID_H49_13_8_hem.png,0
1823,65,UID_65_28_1_all.png,1
1824,58,UID_58_5_6_all.png,1
1825,53,UID_53_10_1_all.png,1
1826,H30,UID_H30_5_4_hem.png,0
1827,64,UID_64_1_13_all.png,1
1828,59,UID_59_7_1_all.png,1
1829,57,UID_57_25_4_all.png,1
1830,65,UID_65_17_6_all.png,1
1831,57,UID_57_9_4_all.png,1
1832,H27,UID_H27_5_4_hem.png,0
1833,53,UID_53_16_3_all.png,1
1834,55,UID_55_18_1_all.png,1
1835,H49,UID_H49_12_6_hem.png,0
1836,58,UID_58_8_11_all.png,1
1837,H49,UID_H49_19_2_hem.png,0
1838,H31,UID_H31_4_2_hem.png,0
1839,H26,UID_H26_16_3_hem.png,0
1840,H49,UID_H49_12_2_hem.png,0
1841,H49,UID_H49_18_3_hem.png,0
1842,58,UID_58_5_4_all.png,1
1843,65,UID_65_15_2_all.png,1
1844,H35,UID_H35_36_1_hem.png,0
1845,57,UID_57_5_4_all.png,1
1846,58,UID_58_3_10_all.png,1
1847,63,UID_63_12_3_all.png,1
1848,54,UID_54_22_1_all.png,1
1849,H29,UID_H29_1_10_hem.png,0
1850,57,UID_57_6_1_all.png,1
1851,53,UID_53_15_5_all.png,1
1852,58,UID_58_2_7_all.png,1
1853,53,UID_53_7_4_all.png,1
1854,57,UID_57_29_3_all.png,1
1855,65,UID_65_9_2_all.png,1
1856,65,UID_65_21_3_all.png,1
1857,H49,UID_H49_23_1_hem.png,0
1858,62,UID_62_4_2_all.png,1
1859,66,UID_66_7_2_all.png,1
1860,63,UID_63_16_4_all.png,1
1861,66,UID_66_35_2_all.png,1
1862,54,UID_54_33_1_all.png,1
1863,55,UID_55_24_1_all.png,1
1864,H32,UID_H32_20_1_hem.png,0
1865,54,UID_54_30_2_all.png,1
1866,66,UID_66_10_3_all.png,1
